timeSec,targetXpx,targetYpx,cursorXpx,cursorYpx,errorPx,onBoard,contact,stamina
0,-4.538,-2.099,0,0,5,0,0,1
0,-9.076,-4.198,0,0,10,0,0,0.999
0,-84.712,-39.18,0,0,93.333,0,0,0.998
0.647,-160.347,-74.161,0,0,176.667,0,0,0.985
0.689,-169.821,-78.543,0,-84.6,169.929,1,0,0.971
0.732,-176.962,-81.846,0,-84.6,176.983,1,0,0.97
0.753,-183.974,-85.089,0,-84.6,183.975,1,0,0.969
0.796,-191.129,-88.398,0,-84.6,191.167,1,0,0.968
0.817,-196.609,-90.933,0,-84.6,196.711,1,0,0.966
0.86,-203.464,-94.103,0,-84.6,203.685,1,0,0.965
0.86,-211.117,-97.643,0,-84.6,211.52,1,0,0.964
0.881,-216.214,-100,0,-84.6,216.762,1,0,0.963
0.903,-220.766,-102.106,0,-84.6,221.459,1,0,0.962
0.924,-225.015,-104.071,0,-84.6,225.856,1,0,0.961
0.945,-228.849,-105.844,0,-84.6,229.833,1,0,0.96
0.967,-233.038,-107.781,0,-84.6,234.188,1,0,0.96
0.988,-237.02,-109.623,0,-84.6,238.337,1,0,0.959
1.009,-240.806,-111.374,0,-84.6,242.29,1,0,0.958
1.009,-244.745,-113.196,0,-84.6,246.41,1,0,0.958
1.031,-248.866,-115.102,0,-84.6,250.728,1,0,0.957
1.052,-252.86,-116.949,0,-84.6,254.921,1,0,0.956
1.095,-259.855,-120.184,0,-84.6,262.28,1,0,0.955
1.116,-266.854,-123.421,0,-84.6,269.663,1,0,0.954
1.137,-270.746,-125.222,0,-84.6,273.776,1,0,0.953
1.18,-278.086,-128.616,0,-84.6,281.548,1,0,0.952
1.18,-282.335,-130.582,0,-84.6,286.055,1,0,0.951
1.201,-286.416,-132.469,0,-84.6,290.388,1,0,0.95
1.223,-290.499,-134.358,0,-84.6,294.73,1,0,0.95
1.244,-294.813,-136.353,0,-84.6,299.321,1,0,0.949
1.287,-301.743,-139.558,0,-84.6,306.708,1,0,0.947
1.308,-309.382,-143.091,0,-84.6,314.862,1,0,0.946
1.329,-313.299,-144.903,0,-84.6,319.05,1,0,0.945
1.329,-317.931,-147.045,0,-84.6,324.005,1,0,0.945
1.372,-324.723,-150.186,0,-84.6,331.28,1,0,0.943
1.393,-330.728,-152.964,0,-84.6,337.72,1,0,0.942
1.415,-336.178,-155.484,0,-84.6,343.57,1,0,0.941
1.436,-341.32,-157.862,0,-84.6,349.094,1,0,0.94
1.479,-346.572,-160.292,0,-84.6,354.742,1,0,0.939
1.479,-348.626,-162.512,0,-84.6,357.226,1,0,0.939
1.5,-343.657,-164.813,0,-84.6,352.894,1,0,0.938
1.521,-338.695,-167.111,0,-84.6,348.6,1,0,0.937
1.564,-333.231,-169.641,0,-84.6,343.911,1,0,0.936
1.585,-328.701,-171.738,0,-84.6,340.055,1,0,0.935
1.607,-323.583,-174.108,0,-84.6,335.735,1,0,0.934
1.628,-317.608,-176.875,0,-84.6,330.741,1,0,0.933
1.649,-311.287,-179.802,0,-84.6,325.52,1,0,0.932
1.671,-306.256,-182.131,0,-84.6,321.411,1,0,0.931
1.713,-301.216,-184.465,0,-84.6,317.339,1,0,0.93
1.735,-296.075,-186.846,0,-84.6,313.232,1,0,0.929
1.756,-291.249,-189.08,0,-84.6,309.422,1,0,0.928
1.777,-286.37,-191.339,0,-84.6,305.616,1,0,0.927
1.799,-281.343,-193.667,0,-84.6,301.744,1,0,0.927
1.82,-276.183,-196.056,0,-84.6,297.825,1,0,0.926
1.82,-270.932,-198.488,0,-84.6,293.895,1,0,0.925
1.841,-266.221,-200.669,0,-84.6,290.423,1,0,0.924
1.863,-261.256,-202.968,0,-84.6,286.82,1,0,0.923
1.905,-255.627,-205.574,0,-84.6,282.807,1,0,0.922
1.927,-251.204,-207.622,0,-84.6,279.711,1,0,0.921
1.948,-246.024,-210.021,0,-84.6,276.148,1,0,0.92
1.969,-240.729,-212.472,0,-84.6,272.584,1,0,0.92
1.991,-236.089,-214.621,0,-84.6,269.524,1,0,0.919
2.012,-230.957,-216.997,0,-84.6,266.215,1,0,0.918
2.033,-225.645,-219.457,0,-84.6,262.872,1,0,0.917
2.055,-220.8,-221.7,0,-84.6,259.902,1,0,0.916
2.076,-216.016,-223.915,0,-84.6,257.044,1,0,0.915
2.097,-210.727,-226.365,0,-84.6,253.974,1,0,0.914
2.119,-205.472,-228.798,0,-84.6,251.021,1,0,0.913
2.14,-200.727,-230.995,0,-84.6,248.441,1,0,0.912
2.161,-195.52,-233.406,0,-84.6,245.706,1,0,0.911
2.183,-190.46,-235.749,0,-84.6,243.148,1,0,0.911
2.204,-185.698,-237.954,0,-84.6,240.834,1,0,0.91
2.247,-179.944,-240.618,0,-84.6,238.163,1,0,0.909
2.247,-175.694,-242.586,0,-84.6,236.279,1,0,0.908
2.289,-170.404,-245.035,0,-84.6,234.045,1,0,0.907
2.311,-165.096,-247.493,0,-84.6,231.928,1,0,0.906
2.332,-160.468,-249.636,0,-84.6,230.189,1,0,0.905
2.353,-155.324,-252.018,0,-84.6,228.373,1,0,0.904
2.375,-149.962,-254.5,0,-84.6,226.616,1,0,0.904
2.396,-145.214,-256.699,0,-84.6,225.178,1,0,0.903
2.417,-140.363,-258.945,0,-84.6,223.826,1,0,0.902
2.439,-135.031,-261.414,0,-84.6,222.478,1,0,0.901
2.46,-130.296,-263.606,0,-84.6,221.406,1,0,0.9
2.46,-125.203,-265.965,0,-84.6,220.384,1,0,0.899
2.503,-119.57,-268.573,0,-84.6,219.415,1,0,0.898
2.524,-115.197,-270.598,0,-84.6,218.782,1,0,0.897
2.545,-109.954,-273.025,0,-84.6,218.161,1,0,0.896
2.567,-105.037,-275.302,0,-84.6,217.716,1,0,0.896
2.588,-99.773,-277.74,0,-84.6,217.388,1,0,0.895
2.609,-94.813,-280.037,0,-84.6,217.221,1,0,0.894
2.631,-89.712,-282.398,0,-84.6,217.192,1,0,0.893
2.652,-84.921,-284.617,0,-84.6,217.298,1,0,0.892
2.673,-79.804,-286.986,0,-84.6,217.552,1,0,0.891
2.695,-74.462,-289.459,0,-84.6,217.973,1,0,0.89
2.716,-69.769,-291.633,0,-84.6,218.472,1,0,0.889
2.737,-64.286,-294.171,0,-84.6,219.21,1,0,0.888
2.78,-59.16,-296.545,0,-84.6,220.047,1,0,0.888
2.801,-54.351,-298.772,0,-84.6,220.96,1,0,0.887
2.823,-49.217,-301.149,0,-84.6,222.071,1,0,0.886
2.844,-44.033,-303.549,0,-84.6,223.333,1,0,0.885
2.865,-39.386,-305.701,0,-84.6,224.582,1,0,0.884
2.887,-34.415,-308.003,0,-84.6,226.038,1,0,0.883
2.908,-29.149,-310.441,0,-84.6,227.714,1,0,0.882
2.929,-24.11,-312.774,0,-84.6,229.444,1,0,0.881
2.929,-19.214,-315.041,0,-84.6,231.241,1,0,0.88
2.951,-14.174,-317.375,0,-84.6,233.206,1,0,0.88
2.972,-9.145,-319.703,0,-84.6,235.281,1,0,0.879
2.993,-4.08,-322.049,0,-84.6,237.484,1,0,0.878
3.015,1.007,-324.404,0,-84.6,239.806,1,0,0.877
3.057,5.932,-326.685,0,-84.6,242.157,1,0,0.876
3.079,11.006,-329.034,0,-84.6,244.682,1,0,0.875
3.1,16.066,-331.377,0,-84.6,247.299,1,0,0.874
3.121,21.209,-333.758,0,-84.6,250.059,1,0,0.873
3.143,26.399,-336.162,0,-84.6,252.943,1,0,0.872
3.164,31.528,-338.537,0,-84.6,255.886,1,0,0.871
3.185,36.596,-340.883,0,-84.6,258.883,1,0,0.871
3.207,41.348,-343.084,0,-84.6,261.77,1,0,0.87
3.228,46.542,-345.488,0,-84.6,265.007,1,0,0.869
3.271,52.242,-348.128,0,-84.6,268.656,1,0,0.868
3.271,56.673,-349.821,0,-84.6,271.208,1,0,0.867
3.313,61.782,-347.895,0,-84.6,270.446,1,0,0.866
3.335,67.284,-345.82,0,-84.6,269.746,1,0,0.865
3.356,72.126,-343.995,0,-84.6,269.236,1,0,0.864
3.377,77.397,-342.008,0,-84.6,268.792,1,0,0.863
3.505,107.486,-330.664,0,-84.6,268.515,1,0,0.863
3.505,112.285,-328.854,0,-84.6,268.827,1,0,0.857
3.548,118.183,-326.631,0,-84.6,269.344,1,0,0.857
3.569,123.591,-324.592,0,-84.6,269.946,1,0,0.856
3.569,128.406,-322.776,0,-84.6,270.585,1,0,0.855
3.612,133.628,-320.808,0,-84.6,271.386,1,0,0.854
3.633,139.028,-318.772,0,-84.6,272.333,1,0,0.853
3.655,144.102,-316.859,0,-84.6,273.331,1,0,0.852
3.676,149.274,-314.909,0,-84.6,274.454,1,0,0.851
3.697,154.626,-312.891,0,-84.6,275.728,1,0,0.85
3.719,160.407,-310.712,0,-84.6,277.231,1,0,0.849
3.74,165.78,-308.686,0,-84.6,278.743,1,0,0.848
3.761,171.194,-306.645,0,-84.6,280.377,1,0,0.847
3.783,176.276,-304.729,0,-84.6,282.011,1,0,0.847
3.825,182.475,-302.392,0,-84.6,284.131,1,0,0.846
3.847,187.394,-300.538,0,-84.6,285.912,1,0,0.845
3.868,192.42,-298.643,0,-84.6,287.819,1,0,0.844
3.889,197.544,-296.711,0,-84.6,289.853,1,0,0.843
3.889,202.943,-294.675,0,-84.6,292.092,1,0,0.842
3.932,208.035,-292.755,0,-84.6,294.291,1,0,0.841
3.953,213.136,-290.833,0,-84.6,296.578,1,0,0.84
3.975,218.329,-288.874,0,-84.6,298.991,1,0,0.839
3.996,223.651,-286.868,0,-84.6,301.55,1,0,0.838
4.017,228.793,-284.929,0,-84.6,304.102,1,0,0.838
4.039,234.029,-282.956,0,-84.6,306.781,1,0,0.837
4.06,239.328,-280.958,0,-84.6,309.571,1,0,0.836
4.081,244.349,-279.065,0,-84.6,312.287,1,0,0.835
4.103,249.549,-277.104,0,-84.6,315.171,1,0,0.834
4.124,255.18,-274.981,0,-84.6,318.374,1,0,0.833
4.145,259.997,-273.165,0,-84.6,321.178,1,0,0.832
4.167,265.172,-271.214,0,-84.6,324.255,1,0,0.831
4.188,270.515,-269.2,0,-84.6,327.499,1,0,0.831
4.209,275.861,-267.184,0,-84.6,330.811,1,0,0.83
4.231,281.065,-265.222,0,-84.6,334.099,1,0,0.829
4.252,286.104,-263.323,0,-84.6,337.339,1,0,0.828
4.295,292.183,-261.031,0,-84.6,341.319,1,0,0.827
4.316,298.149,-258.782,0,-84.6,345.3,1,0,0.826
4.337,303.612,-256.722,0,-84.6,349.007,1,0,0.825
4.359,309.128,-254.642,0,-84.6,352.809,1,0,0.824
4.38,314.295,-252.694,0,-84.6,356.422,1,0,0.823
4.401,319.617,-250.688,0,-84.6,360.195,1,0,0.822
4.423,324.799,-248.734,0,-84.6,363.916,1,0,0.821
4.444,330.201,-246.698,0,-84.6,367.843,1,0,0.82
4.487,335.536,-244.686,0,-84.6,371.768,1,0,0.819
4.508,340.821,-242.694,0,-84.6,375.703,1,0,0.818
4.529,345.906,-240.777,0,-84.6,379.529,1,0,0.818
4.529,348.942,-238.834,0,-84.6,381.508,1,0,0.817
4.551,343.374,-236.372,0,-84.6,375.42,1,0,0.816
4.572,338.704,-234.307,0,-84.6,370.314,1,0,0.815
4.593,333.302,-231.919,0,-84.6,364.407,1,0,0.814
4.615,328.552,-229.818,0,-84.6,359.214,1,0,0.813
4.636,323.428,-227.553,0,-84.6,353.611,1,0,0.812
4.657,318.295,-225.283,0,-84.6,347.999,1,0,0.811
4.679,313.342,-223.093,0,-84.6,342.584,1,0,0.81
4.721,308.279,-220.854,0,-84.6,337.048,1,0,0.81
4.743,303.043,-218.539,0,-84.6,331.322,1,0,0.809
4.764,297.909,-216.269,0,-84.6,325.709,1,0,0.808
4.785,292.51,-213.882,0,-84.6,319.806,1,0,0.807
4.807,287.846,-211.819,0,-84.6,314.706,1,0,0.806
4.828,282.806,-209.591,0,-84.6,309.195,1,0,0.805
4.849,277.733,-207.347,0,-84.6,303.648,1,0,0.804
4.871,272.539,-205.051,0,-84.6,297.97,1,0,0.803
4.892,267.286,-202.728,0,-84.6,292.226,1,0,0.802
4.913,262.522,-200.622,0,-84.6,287.017,1,0,0.802
4.935,257.401,-198.358,0,-84.6,281.418,1,0,0.801
4.956,252.175,-196.047,0,-84.6,275.704,1,0,0.8
4.999,247.206,-193.849,0,-84.6,270.271,1,0,0.799
5.02,242.095,-191.589,0,-84.6,264.682,1,0,0.798
5.02,237.168,-189.411,0,-84.6,259.295,1,0,0.797
5.041,231.622,-186.959,0,-84.6,253.231,1,0,0.796
5.063,226.913,-184.876,0,-84.6,248.082,1,0,0.795
5.084,221.809,-182.62,0,-84.6,242.502,1,0,0.794
5.105,216.701,-180.361,0,-84.6,236.917,1,0,0.794
5.127,211.705,-178.152,0,-84.6,231.454,1,0,0.793
5.169,206.619,-175.903,0,-84.6,225.893,1,0,0.792
5.169,201.378,-173.586,0,-84.6,220.163,1,0,0.791
5.191,196.085,-171.245,0,-84.6,214.376,1,0,0.79
5.233,191.087,-169.035,0,-84.6,208.911,1,0,0.789
5.255,185.598,-166.608,0,-84.6,202.909,1,0,0.788
5.276,180.306,-164.268,0,-84.6,197.123,1,0,0.787
5.297,174.503,-161.702,0,-84.6,190.777,1,0,0.786
5.319,168.813,-159.186,0,-84.6,184.556,1,0,0.785
5.34,164.059,-157.084,0,-84.6,179.358,1,0,0.784
5.361,159.113,-154.897,0,-84.6,173.95,1,0,0.783
5.383,154.122,-152.69,0,-84.6,168.493,1,0,0.783
5.425,148.784,-150.33,0,-84.6,162.656,1,0,0.782
5.447,143.637,-148.054,0,-84.6,157.029,1,0,0.781
5.468,138.851,-145.938,0,-84.6,151.795,1,0,0.78
5.489,133.726,-143.672,0,-84.6,146.192,1,0,0.779
5.489,128.651,-141.428,0,-84.6,140.643,1,0,0.778
5.532,123.488,-139.145,0,-84.6,134.998,1,0,0.777
5.532,118.469,-136.926,0,-84.6,129.51,1,0,0.776
5.575,113.399,-134.684,0,-84.6,123.967,1,0,0.775
5.596,108.268,-132.415,0,-84.6,118.356,1,0,0.775
5.617,103.122,-130.14,0,-84.6,112.73,1,0,0.774
5.639,97.74,-127.76,0,-84.6,106.845,1,0,0.773
5.66,92.883,-125.612,0,-84.6,101.534,1,0,0.772
5.66,88.053,-123.476,0,-84.6,96.253,1,0,0.771
5.703,82.835,-121.169,0,-84.6,90.548,1,0,0.77
5.724,77.658,-118.88,0,-84.6,84.887,1,0,0.769
5.745,72.461,-116.582,0,-84.6,79.205,1,0,0.768
5.767,67.437,-114.361,0,-84.6,73.712,1,0,0.767
5.788,62.425,-112.145,0,-84.6,68.232,1,0,0.767
5.809,56.804,-109.659,0,-84.6,62.085,1,0,0.766
5.831,52.268,-107.654,0,-84.6,57.127,1,0,0.765
5.852,47.176,-105.402,0,-84.6,51.559,1,0,0.764
5.873,42.171,-103.189,0,-84.6,46.087,1,0,0.763
5.895,37.107,-100.95,0,-84.6,40.549,1,0,0.762
5.916,32.119,-98.744,0,-84.6,35.095,1,0,0.761
5.959,26.926,-96.448,0,-84.6,29.418,1,0,0.76
5.98,21.765,-94.166,0,-84.6,23.774,1,1,0.762
6.001,16.761,-91.953,0,-84.6,18.303,1,1,0.763
6.023,11.72,-89.724,0,-84.6,12.791,1,1,0.765
6.044,6.694,-87.502,0,-84.6,7.295,1,1,0.766
6.065,1.555,-85.229,0,-84.6,1.677,1,1,0.768
6.087,-3.493,-82.997,0,-84.6,3.843,1,1,0.77
6.108,-8.545,-80.764,0,-84.6,9.366,1,1,0.771
6.129,-13.684,-78.491,0,-84.6,14.986,1,1,0.773
6.129,-18.694,-76.276,0,-84.6,20.463,1,1,0.774
6.151,-23.786,-74.024,0,-84.6,26.031,1,1,0.776
6.172,-28.892,-71.767,0,-84.6,31.614,1,1,0.777
6.215,-34.181,-69.428,0,-84.6,37.397,1,0,0.776
6.236,-39.128,-67.24,0,-84.6,42.806,1,0,0.775
6.257,-44.064,-65.058,0,-84.6,48.203,1,0,0.775
6.279,-49.498,-62.655,0,-84.6,54.144,1,0,0.774
6.3,-54.501,-60.443,0,-84.6,59.615,1,0,0.773
6.321,-60.015,-58.005,0,-84.6,65.644,1,0,0.772
6.343,-64.958,-55.819,0,-84.6,71.049,1,0,0.771
6.364,-69.62,-53.758,0,-84.6,76.146,1,0,0.77
6.385,-74.637,-51.539,0,-84.6,81.632,1,0,0.769
6.407,-79.794,-49.259,0,-84.6,87.27,1,0,0.768
6.428,-85.172,-46.881,0,-84.6,93.15,1,0,0.767
6.449,-90.139,-44.685,0,-84.6,98.581,1,0,0.767
6.492,-95.357,-42.378,0,-84.6,104.287,1,0,0.766
6.513,-100.455,-40.124,0,-84.6,109.861,1,0,0.765
6.535,-105.618,-37.84,0,-84.6,115.506,1,0,0.764
6.556,-110.938,-35.488,0,-84.6,121.322,1,0,0.763
6.577,-116.109,-33.202,0,-84.6,126.977,1,0,0.762
6.599,-121.879,-30.65,0,-84.6,133.286,1,0,0.761
6.62,-126.284,-28.703,0,-84.6,138.102,1,0,0.76
6.62,-131.476,-26.407,0,-84.6,143.779,1,0,0.759
6.641,-136.306,-24.271,0,-84.6,149.06,1,0,0.758
6.663,-141.441,-22.001,0,-84.6,154.675,1,0,0.758
6.705,-146.503,-19.763,0,-84.6,160.209,1,0,0.757
6.727,-151.818,-17.412,0,-84.6,166.021,1,0,0.756
6.769,-156.761,-15.227,0,-84.6,171.425,1,0,0.755
6.769,-161.854,-12.975,0,-84.6,176.994,1,0,0.754
6.791,-167.044,-10.68,0,-84.6,182.669,1,0,0.753
6.812,-171.815,-8.57,0,-84.6,187.885,1,0,0.752
6.833,-177.201,-6.189,0,-84.6,193.775,1,0,0.751
6.855,-182.079,-4.032,0,-84.6,199.108,1,0,0.75
6.876,-187.048,-1.834,0,-84.6,204.542,1,0,0.75
6.897,-192.077,0.389,0,-84.6,210.04,1,0,0.749
6.919,-197.349,2.72,0,-84.6,215.804,1,0,0.748
6.94,-202.506,5.001,0,-84.6,221.443,1,0,0.747
6.961,-207.333,7.135,0,-84.6,226.72,1,0,0.746
7.004,-212.941,9.615,0,-84.6,232.852,1,0,0.745
7.025,-217.604,11.677,0,-84.6,237.951,1,0,0.744
7.047,-222.751,13.952,0,-84.6,243.578,1,0,0.743
7.068,-228.046,16.294,0,-84.6,249.368,1,0,0.742
7.089,-232.817,18.403,0,-84.6,254.585,1,0,0.742
7.089,-238.124,20.75,0,-84.6,260.388,1,0,0.741
7.111,-242.972,22.894,0,-84.6,265.689,1,0,0.74
7.132,-248.243,25.224,0,-84.6,271.452,1,0,0.739
7.153,-253.291,27.456,0,-84.6,276.971,1,0,0.738
7.196,-258.374,29.704,0,-84.6,282.529,1,0,0.737
7.217,-263.331,31.896,0,-84.6,287.948,1,0,0.736
7.26,-268.424,34.148,0,-84.6,293.518,1,0,0.735
7.26,-273.921,36.578,0,-84.6,299.528,1,0,0.734
7.281,-278.639,38.665,0,-84.6,304.687,1,0,0.734
7.303,-283.923,41.001,0,-84.6,310.464,1,0,0.733
7.324,-289.059,43.272,0,-84.6,316.08,1,0,0.732
7.345,-294.345,45.609,0,-84.6,321.859,1,0,0.731
7.367,-299.055,47.692,0,-84.6,327.009,1,0,0.73
7.388,-304.224,49.977,0,-84.6,332.66,1,0,0.729
7.409,-309.074,52.122,0,-84.6,337.963,1,0,0.728
7.431,-314.253,54.412,0,-84.6,343.627,1,0,0.727
7.452,-319.419,56.696,0,-84.6,349.275,1,0,0.726
7.473,-324.468,58.929,0,-84.6,354.796,1,0,0.726
7.516,-329.543,61.173,0,-84.6,360.345,1,0,0.725
7.537,-334.721,63.462,0,-84.6,366.006,1,0,0.724
7.559,-340.03,65.81,0,-84.6,371.811,1,0,0.723
7.58,-345.184,68.089,0,-84.6,377.446,1,0,0.722
7.58,-349.214,70.566,0,-84.6,382.135,1,0,0.721
7.623,-343.369,72.323,0,-84.6,377.528,1,0,0.72
7.644,-337.697,74.028,0,-84.6,373.098,1,0,0.719
7.687,-332.306,75.649,0,-84.6,368.927,1,0,0.718
7.708,-326.995,77.246,0,-84.6,364.856,1,0,0.717
7.729,-321.881,78.783,0,-84.6,360.973,1,0,0.716
7.729,-316.424,80.424,0,-84.6,356.871,1,0,0.715
7.751,-310.861,82.097,0,-84.6,352.735,1,0,0.715
7.772,-305.797,83.619,0,-84.6,349.012,1,0,0.714
7.793,-300.426,85.234,0,-84.6,345.108,1,0,0.713
7.815,-295.187,86.809,0,-84.6,341.345,1,0,0.712
7.836,-289.636,88.478,0,-84.6,337.409,1,0,0.711
7.857,-284.393,90.054,0,-84.6,333.742,1,0,0.71
7.879,-279.251,91.6,0,-84.6,330.193,1,0,0.709
7.9,-274.026,93.171,0,-84.6,326.638,1,0,0.708
7.943,-268.17,94.931,0,-84.6,322.718,1,0,0.707
7.964,-263.271,96.404,0,-84.6,319.491,1,0,0.707
7.985,-258.038,97.978,0,-84.6,316.098,1,0,0.706
8.007,-252.414,99.668,0,-84.6,312.518,1,0,0.705
8.028,-247.29,101.209,0,-84.6,309.317,1,0,0.704
8.049,-241.881,102.835,0,-84.6,306.004,1,0,0.703
8.071,-236.218,104.538,0,-84.6,302.609,1,0,0.702
8.092,-230.841,106.154,0,-84.6,299.457,1,0,0.701
8.113,-225.415,107.785,0,-84.6,296.351,1,0,0.7
8.156,-219.043,109.701,0,-84.6,292.802,1,0,0.699
8.177,-214.609,111.034,0,-84.6,290.396,1,0,0.698
8.199,-209.328,112.622,0,-84.6,287.602,1,0,0.698
8.22,-204.044,114.211,0,-84.6,284.885,1,0,0.697
8.22,-198.764,115.798,0,-84.6,282.252,1,0,0.696
8.241,-193.27,117.45,0,-84.6,279.602,1,0,0.695
8.263,-187.537,119.173,0,-84.6,276.936,1,0,0.694
8.284,-182.705,120.626,0,-84.6,274.771,1,0,0.693
8.305,-176.716,122.427,0,-84.6,272.192,1,0,0.692
8.327,-171.696,123.936,0,-84.6,270.124,1,0,0.691
8.348,-166.007,125.646,0,-84.6,267.884,1,0,0.69
8.369,-161.445,127.018,0,-84.6,266.17,1,0,0.689
8.391,-155.802,128.714,0,-84.6,264.154,1,0,0.689
8.433,-150.764,130.229,0,-84.6,262.452,1,0,0.688
8.455,-145.473,131.82,0,-84.6,260.768,1,0,0.687
8.476,-139.854,133.509,0,-84.6,259.096,1,0,0.686
8.497,-134.324,135.172,0,-84.6,257.57,1,0,0.685
8.519,-129.437,136.641,0,-84.6,256.323,1,0,0.684
8.54,-124.191,138.218,0,-84.6,255.091,1,0,0.683
8.561,-118.79,139.842,0,-84.6,253.939,1,0,0.682
8.583,-113.593,141.404,0,-84.6,252.945,1,0,0.682
8.604,-108.166,143.036,0,-84.6,252.028,1,0,0.681
8.625,-102.935,144.609,0,-84.6,251.261,1,0,0.68
8.647,-97.527,146.234,0,-84.6,250.591,1,0,0.679
8.689,-91.733,147.976,0,-84.6,250.014,1,0,0.678
8.689,-86.896,149.431,0,-84.6,249.642,1,0,0.677
8.711,-81.702,150.992,0,-84.6,249.357,1,0,0.676
8.732,-75.547,152.843,0,-84.6,249.171,1,0,0.675
8.753,-70.696,154.301,0,-84.6,249.142,1,0,0.674
8.775,-65.492,155.866,0,-84.6,249.225,1,0,0.674
8.817,-59.948,157.533,0,-84.6,249.443,1,0,0.673
8.839,-55.028,159.011,0,-84.6,249.749,1,0,0.672
8.86,-49.476,160.681,0,-84.6,250.221,1,0,0.671
8.86,-43.56,162.459,0,-84.6,250.87,1,0,0.67
8.881,-38.092,164.103,0,-84.6,251.604,1,0,0.669
8.924,-32.006,165.933,0,-84.6,252.569,1,0,0.668
8.945,-27.108,167.406,0,-84.6,253.459,1,0,0.667
8.967,-21.8,169.002,0,-84.6,254.537,1,0,0.666
8.988,-16.413,170.621,0,-84.6,255.748,1,0,0.665
9.009,-11.082,172.224,0,-84.6,257.063,1,0,0.664
9.031,-5.819,173.806,0,-84.6,258.472,1,0,0.664
9.052,-0.684,175.35,0,-84.6,259.951,1,0,0.663
9.073,4.874,177.021,0,-84.6,261.666,1,0,0.662
9.095,10.037,178.573,0,-84.6,263.365,1,0,0.661
9.116,15.359,180.173,0,-84.6,265.218,1,0,0.66
9.137,20.576,181.742,0,-84.6,267.135,1,0,0.659
9.18,26.021,183.379,0,-84.6,269.239,1,0,0.658
9.18,31.239,184.947,0,-84.6,271.352,1,0,0.657
9.223,36.749,186.604,0,-84.6,273.682,1,0,0.656
9.244,42.126,188.22,0,-84.6,276.053,1,0,0.656
9.265,47.274,189.768,0,-84.6,278.411,1,0,0.655
9.287,52.563,191.358,0,-84.6,280.92,1,0,0.654
9.308,57.912,192.967,0,-84.6,283.544,1,0,0.653
9.329,63.316,194.591,0,-84.6,286.281,1,0,0.652
9.329,69.429,196.429,0,-84.6,289.478,1,0,0.651
9.351,73.877,197.766,0,-84.6,291.871,1,0,0.65
9.393,80.084,199.632,0,-84.6,295.299,1,0,0.649
9.415,84.776,201.043,0,-84.6,297.958,1,0,0.648
9.436,90.218,202.679,0,-84.6,301.112,1,0,0.648
9.457,95.388,204.233,0,-84.6,304.177,1,0,0.647
9.479,101.03,205.93,0,-84.6,307.595,1,0,0.646
9.5,106.163,207.473,0,-84.6,310.769,1,0,0.645
9.521,111.308,209.02,0,-84.6,314.01,1,0,0.644
9.543,117.036,210.742,0,-84.6,317.686,1,0,0.643
9.564,122.603,212.416,0,-84.6,321.325,1,0,0.642
9.585,128.229,214.107,0,-84.6,325.067,1,0,0.641
9.628,134.425,215.97,0,-84.6,329.26,1,0,0.64
9.649,139.852,217.601,0,-84.6,332.993,1,0,0.639
9.671,145.332,219.249,0,-84.6,336.817,1,0,0.638
9.692,150.364,220.762,0,-84.6,340.375,1,0,0.637
9.713,155.571,222.327,0,-84.6,344.103,1,0,0.637
9.735,161.345,224.063,0,-84.6,348.289,1,0,0.636
9.756,166.65,225.658,0,-84.6,352.182,1,0,0.635
9.777,171.649,227.161,0,-84.6,355.891,1,0,0.634
9.799,177.509,228.923,0,-84.6,360.286,1,0,0.633
9.82,182.22,230.339,0,-84.6,363.855,1,0,0.632
9.82,187.554,231.943,0,-84.6,367.934,1,0,0.631
9.863,193.026,233.588,0,-84.6,372.159,1,0,0.63
9.884,198.278,235.167,0,-84.6,376.252,1,0,0.629
9.905,203.667,236.787,0,-84.6,380.486,1,0,0.629
9.927,208.856,238.347,0,-84.6,384.598,1,0,0.628
9.948,214.479,240.038,0,-84.6,389.09,1,0,0.627
9.969,219.559,241.565,0,-84.6,393.179,1,0,0.626
9.991,225.078,243.224,0,-84.6,397.654,1,0,0.625
10.012,230.056,244.721,0,-84.6,401.718,1,0,0.624
10.033,235.396,246.326,0,-84.6,406.107,1,0,0.623
10.055,240.735,247.932,0,-84.6,410.525,1,0,0.622
10.076,246.178,249.568,0,-84.6,415.056,1,0,0.621
10.119,251.709,251.231,0,-84.6,419.69,1,0,0.621
10.14,257.056,252.838,0,-84.6,424.196,1,0,0.62
10.161,262.135,254.365,0,-84.6,428.5,1,0,0.619
10.183,267.635,256.019,0,-84.6,433.185,1,0,0.618
10.204,273.342,257.734,0,-84.6,438.074,1,0,0.617
10.225,278.236,259.206,0,-84.6,442.287,1,0,0.616
10.247,283.673,260.84,0,-84.6,446.989,1,0,0.615
10.268,289.034,262.452,0,-84.6,451.648,1,0,0.614
10.289,294.286,264.031,0,-84.6,456.233,1,0,0.613
10.289,299.683,265.654,0,-84.6,460.964,1,0,0.612
10.311,305.045,267.266,0,-84.6,465.684,1,0,0.612
10.332,310.298,268.845,0,-84.6,470.328,1,0,0.611
10.375,315.636,270.45,0,-84.6,475.065,1,0,0.61
10.396,320.926,272.041,0,-84.6,479.777,1,0,0.609
10.417,326.542,273.729,0,-84.6,484.799,1,0,0.608
10.46,331.526,275.227,0,-84.6,489.27,1,0,0.607
10.46,336.92,276.849,0,-84.6,494.126,1,0,0.606
10.481,342.217,278.442,0,-84.6,498.911,1,0,0.605
10.503,347.46,280.018,0,-84.6,503.661,1,0,0.605
10.524,346.685,281.617,0,-84.6,504.287,1,0,0.604
10.545,341.682,282.854,0,-84.6,501.766,1,0,0.603
10.567,336.406,284.158,0,-84.6,499.151,1,0,0.602
10.588,330.537,285.609,0,-84.6,496.296,1,0,0.601
10.609,325.523,286.849,0,-84.6,493.902,1,0,0.6
10.652,320.093,288.192,0,-84.6,491.358,1,0,0.599
10.673,314.841,289.49,0,-84.6,488.946,1,0,0.598
10.695,309.387,290.839,0,-84.6,486.492,1,0,0.597
10.716,304.031,292.163,0,-84.6,484.133,1,0,0.597
10.737,298.252,293.592,0,-84.6,481.647,1,0,0.596
10.759,293.144,294.855,0,-84.6,479.499,1,0,0.595
10.78,287.61,296.223,0,-84.6,477.227,1,0,0.594
10.78,282.083,297.59,0,-84.6,475.016,1,0,0.593
10.801,276.558,298.956,0,-84.6,472.863,1,0,0.592
10.844,271.065,300.314,0,-84.6,470.782,1,0,0.591
10.887,265.425,301.709,0,-84.6,468.706,1,0,0.59
10.908,260.416,302.947,0,-84.6,466.915,1,0,0.589
10.929,255.034,304.278,0,-84.6,465.047,1,0,0.588
10.929,249.108,305.743,0,-84.6,463.058,1,0,0.587
10.951,243.974,307.013,0,-84.6,461.393,1,0,0.587
10.972,238.869,308.275,0,-84.6,459.793,1,0,0.586
10.993,233.438,309.618,0,-84.6,458.15,1,0,0.585
11.015,228.118,310.933,0,-84.6,456.601,1,0,0.584
11.036,222.687,312.276,0,-84.6,455.083,1,0,0.583
11.057,217.108,313.656,0,-84.6,453.589,1,0,0.582
11.079,211.802,314.968,0,-84.6,452.233,1,0,0.581
11.1,206.458,316.289,0,-84.6,450.929,1,0,0.58
11.121,201.072,317.621,0,-84.6,449.679,1,0,0.58
11.164,195.641,318.964,0,-84.6,448.485,1,0,0.579
11.185,190.246,320.298,0,-84.6,447.365,1,0,0.578
11.207,184.78,321.649,0,-84.6,446.298,1,0,0.577
11.228,179.538,322.945,0,-84.6,445.339,1,0,0.576
11.249,174.137,324.281,0,-84.6,444.418,1,0,0.575
11.271,168.645,325.639,0,-84.6,443.55,1,0,0.574
11.292,163.276,326.966,0,-84.6,442.771,1,0,0.573
11.313,157.765,328.329,0,-84.6,442.041,1,0,0.572
11.335,152.181,329.709,0,-84.6,441.375,1,0,0.571
11.356,146.644,331.079,0,-84.6,440.787,1,0,0.571
11.377,141.172,332.432,0,-84.6,440.278,1,0,0.57
11.42,134.703,334.031,0,-84.6,439.769,1,0,0.569
11.42,129.298,335.368,0,-84.6,439.421,1,0,0.568
11.441,124.056,336.664,0,-84.6,439.15,1,0,0.567
11.463,118.728,337.981,0,-84.6,438.943,1,0,0.566
11.484,113.222,339.343,0,-84.6,438.801,1,0,0.565
11.505,107.888,340.661,0,-84.6,438.734,1,0,0.564
11.527,102.137,342.083,0,-84.6,438.738,1,0,0.563
11.548,97.147,343.317,0,-84.6,438.806,1,0,0.562
11.569,91.788,344.642,0,-84.6,438.947,1,0,0.562
11.612,85.809,346.121,0,-84.6,439.185,1,0,0.561
11.633,80.663,347.393,0,-84.6,439.459,1,0,0.56
11.655,75.483,348.674,0,-84.6,439.8,1,0,0.559
11.676,70.029,349.978,0,-84.6,440.184,1,0,0.558
11.697,65.129,347.24,0,-84.6,436.724,1,0,0.557
11.719,60.341,344.564,0,-84.6,433.386,1,0,0.556
11.74,55.003,341.582,0,-84.6,429.716,1,0,0.555
11.761,50.736,339.197,0,-84.6,426.823,1,0,0.554
11.783,45.891,336.491,0,-84.6,423.584,1,0,0.554
11.804,41.055,333.788,0,-84.6,420.397,1,0,0.553
11.825,36.127,331.035,0,-84.6,417.202,1,0,0.552
11.847,31.379,328.382,0,-84.6,414.172,1,0,0.551
11.889,26.285,325.536,0,-84.6,410.977,1,0,0.55
11.889,21.617,322.927,0,-84.6,408.1,1,0,0.549
11.911,16.744,320.204,0,-84.6,405.15,1,0,0.548
11.932,11.556,317.306,0,-84.6,402.072,1,0,0.547
11.953,7.006,314.763,0,-84.6,399.425,1,0,0.546
11.975,2.22,312.089,0,-84.6,396.695,1,0,0.546
11.996,-2.562,309.417,0,-84.6,394.025,1,0,0.545
12.017,-7.593,306.606,0,-84.6,391.279,1,0,0.544
12.039,-12.318,303.966,0,-84.6,388.761,1,0,0.543
12.06,-17.212,301.231,0,-84.6,386.215,1,0,0.542
12.081,-22.191,298.449,0,-84.6,383.692,1,0,0.541
12.103,-26.89,295.823,0,-84.6,381.373,1,0,0.54
12.145,-31.834,293.061,0,-84.6,379.001,1,0,0.539
12.167,-36.934,290.211,0,-84.6,376.627,1,0,0.538
12.188,-41.456,287.685,0,-84.6,374.586,1,0,0.538
12.209,-46.227,285.019,0,-84.6,372.498,1,0,0.537
12.231,-51.33,282.167,0,-84.6,370.342,1,0,0.536
12.252,-56.14,279.48,0,-84.6,368.383,1,0,0.535
12.273,-61.131,276.691,0,-84.6,366.426,1,0,0.534
12.295,-65.89,274.032,0,-84.6,364.635,1,0,0.533
12.316,-70.588,271.407,0,-84.6,362.938,1,0,0.532
12.337,-75.608,268.602,0,-84.6,361.204,1,0,0.531
12.359,-80.545,265.844,0,-84.6,359.581,1,0,0.53
12.38,-85.589,263.025,0,-84.6,358.007,1,0,0.529
12.401,-90.149,260.478,0,-84.6,356.659,1,0,0.529
12.423,-94.873,257.838,0,-84.6,355.337,1,0,0.528
12.444,-99.882,255.039,0,-84.6,354.021,1,0,0.527
12.487,-104.836,252.271,0,-84.6,352.807,1,0,0.526
12.508,-109.547,249.639,0,-84.6,351.733,1,0,0.525
12.529,-114.32,246.972,0,-84.6,350.726,1,0,0.524
12.529,-119.256,244.214,0,-84.6,349.772,1,0,0.523
12.551,-124.313,241.388,0,-84.6,348.887,1,0,0.522
12.572,-129.129,238.697,0,-84.6,348.131,1,0,0.521
12.593,-133.947,236.005,0,-84.6,347.461,1,0,0.521
12.615,-138.713,233.342,0,-84.6,346.884,1,0,0.52
12.657,-143.95,230.416,0,-84.6,346.347,1,0,0.519
12.679,-149.222,227.47,0,-84.6,345.912,1,0,0.518
12.7,-154.02,224.789,0,-84.6,345.606,1,0,0.517
12.721,-158.753,222.145,0,-84.6,345.391,1,0,0.516
12.743,-163.731,219.363,0,-84.6,345.256,1,0,0.515
12.764,-168.315,216.802,0,-84.6,345.214,1,0,0.514
12.785,-172.992,214.189,0,-84.6,345.255,1,0,0.513
12.807,-177.998,211.391,0,-84.6,345.39,1,0,0.512
12.828,-182.702,208.763,0,-84.6,345.604,1,0,0.512
12.849,-187.504,206.08,0,-84.6,345.908,1,0,0.511
12.871,-192.302,203.399,0,-84.6,346.3,1,0,0.51
12.913,-197.274,200.621,0,-84.6,346.797,1,0,0.509
12.935,-202.362,197.778,0,-84.6,347.401,1,0,0.508
12.956,-206.961,195.208,0,-84.6,348.031,1,0,0.507
12.977,-212.009,192.388,0,-84.6,348.812,1,0,0.506
12.999,-216.861,189.677,0,-84.6,349.652,1,0,0.505
13.02,-221.566,187.048,0,-84.6,350.548,1,0,0.505
13.02,-226.367,184.365,0,-84.6,351.545,1,0,0.504
13.041,-231.657,181.409,0,-84.6,352.74,1,0,0.503
13.063,-236.1,178.927,0,-84.6,353.821,1,0,0.502
13.084,-240.961,176.21,0,-84.6,355.083,1,0,0.501
13.105,-245.957,173.419,0,-84.6,356.467,1,0,0.5
13.127,-250.817,170.704,0,-84.6,357.895,1,0,0.499
13.169,-255.759,167.942,0,-84.6,359.43,1,0,0.498
13.191,-260.487,165.3,0,-84.6,360.976,1,0,0.497
13.212,-265.31,162.606,0,-84.6,362.629,1,0,0.496
13.233,-270.479,159.717,0,-84.6,364.486,1,0,0.496
13.255,-275.033,157.173,0,-84.6,366.193,1,0,0.495
13.276,-279.975,154.411,0,-84.6,368.12,1,0,0.494
13.297,-285.16,151.514,0,-84.6,370.225,1,0,0.493
13.319,-289.638,149.012,0,-84.6,372.108,1,0,0.492
13.34,-294.508,146.291,0,-84.6,374.227,1,0,0.491
13.361,-299.868,143.296,0,-84.6,376.639,1,0,0.49
13.383,-304.372,140.779,0,-84.6,378.732,1,0,0.489
13.425,-309.104,138.135,0,-84.6,380.994,1,0,0.488
13.447,-314.567,135.083,0,-84.6,383.684,1,0,0.488
13.468,-318.895,132.664,0,-84.6,385.873,1,0,0.487
13.489,-323.855,129.893,0,-84.6,388.445,1,0,0.486
13.489,-328.451,127.325,0,-84.6,390.887,1,0,0.485
13.511,-333.253,124.642,0,-84.6,393.497,1,0,0.484
13.532,-338.007,121.985,0,-84.6,396.139,1,0,0.483
13.553,-343.004,119.193,0,-84.6,398.978,1,0,0.482
13.575,-347.972,116.418,0,-84.6,401.861,1,0,0.481
13.596,-347.477,113.57,0,-84.6,400.014,1,0,0.48
13.617,-342.887,110.301,0,-84.6,394.408,1,0,0.48
13.639,-338.543,107.208,0,-84.6,389.104,1,0,0.479
13.681,-333.893,103.897,0,-84.6,383.427,1,0,0.478
13.703,-328.853,100.308,0,-84.6,377.273,1,0,0.477
13.724,-324.805,97.426,0,-84.6,372.333,1,0,0.476
13.745,-320.359,94.259,0,-84.6,366.906,1,0,0.475
13.767,-315.505,90.803,0,-84.6,360.985,1,0,0.474
13.788,-310.867,87.501,0,-84.6,355.326,1,0,0.473
13.809,-306.766,84.58,0,-84.6,350.325,1,0,0.472
13.831,-302.144,81.289,0,-84.6,344.689,1,0,0.472
13.852,-297.817,78.208,0,-84.6,339.413,1,0,0.471
13.873,-293.214,74.93,0,-84.6,333.803,1,0,0.47
13.895,-288.331,71.453,0,-84.6,327.853,1,0,0.469
13.916,-283.869,68.276,0,-84.6,322.417,1,0,0.468
13.959,-279.576,65.219,0,-84.6,317.188,1,0,0.467
13.98,-274.952,61.926,0,-84.6,311.558,1,0,0.466
13.98,-270.323,58.63,0,-84.6,305.924,1,0,0.465
14.001,-266.023,55.568,0,-84.6,300.692,1,0,0.464
14.023,-261.453,52.314,0,-84.6,295.132,1,0,0.464
14.044,-256.955,49.111,0,-84.6,289.663,1,0,0.463
14.065,-252.513,45.948,0,-84.6,284.263,1,0,0.462
14.108,-247.747,42.554,0,-84.6,278.472,1,0,0.461
14.129,-243.39,39.452,0,-84.6,273.18,1,0,0.46
14.129,-238.947,36.288,0,-84.6,267.786,1,0,0.459
14.151,-234.248,32.942,0,-84.6,262.084,1,0,0.458
14.172,-229.799,29.774,0,-84.6,256.688,1,0,0.457
14.215,-225.325,26.588,0,-84.6,251.265,1,0,0.457
14.236,-220.769,23.344,0,-84.6,245.746,1,0,0.456
14.257,-216.311,20.169,0,-84.6,240.347,1,0,0.455
14.279,-211.801,16.958,0,-84.6,234.891,1,0,0.454
14.3,-207.259,13.724,0,-84.6,229.399,1,0,0.453
14.321,-202.503,10.337,0,-84.6,223.653,1,0,0.452
14.343,-198.128,7.222,0,-84.6,218.372,1,0,0.451
14.364,-193.646,4.03,0,-84.6,212.965,1,0,0.45
14.385,-189.157,0.834,0,-84.6,207.556,1,0,0.449
14.407,-184.65,-2.375,0,-84.6,202.13,1,0,0.449
14.428,-179.973,-5.706,0,-84.6,196.505,1,0,0.448
14.449,-174.945,-9.286,0,-84.6,190.468,1,0,0.447
14.471,-171.015,-12.085,0,-84.6,185.754,1,0,0.446
14.513,-166.261,-15.47,0,-84.6,180.061,1,0,0.445
14.535,-161.923,-18.559,0,-84.6,174.873,1,0,0.444
14.556,-157.342,-21.821,0,-84.6,169.404,1,0,0.443
14.577,-152.604,-25.195,0,-84.6,163.759,1,0,0.442
14.599,-148.275,-28.278,0,-84.6,158.611,1,0,0.441
14.62,-143.883,-31.405,0,-84.6,153.401,1,0,0.441
14.62,-139.412,-34.588,0,-84.6,148.111,1,0,0.44
14.641,-134.831,-37.85,0,-84.6,142.706,1,0,0.439
14.663,-130.272,-41.096,0,-84.6,137.344,1,0,0.438
14.684,-125.788,-44.289,0,-84.6,132.09,1,0,0.437
14.705,-121.286,-47.495,0,-84.6,126.835,1,0,0.436
14.748,-116.655,-50.793,0,-84.6,121.454,1,0,0.435
14.769,-112.11,-54.03,0,-84.6,116.203,1,0,0.434
14.791,-107.602,-57.24,0,-84.6,111.026,1,0,0.433
14.812,-103.154,-60.407,0,-84.6,105.953,1,0,0.432
14.833,-98.087,-64.015,0,-84.6,100.224,1,0,0.432
14.855,-94.008,-66.919,0,-84.6,95.656,1,0,0.431
14.876,-89.378,-70.216,0,-84.6,90.528,1,0,0.43
14.897,-84.992,-73.339,0,-84.6,85.735,1,0,0.429
14.919,-80.283,-76.693,0,-84.6,80.672,1,0,0.428
14.94,-75.995,-79.746,0,-84.6,76.149,1,0,0.427
14.961,-71.494,-82.951,0,-84.6,71.513,1,0,0.426
14.983,-66.859,-86.251,0,-84.6,66.88,1,0,0.425
15.025,-62.344,-89.467,0,-84.6,62.534,1,0,0.424
15.047,-57.887,-92.64,0,-84.6,58.443,1,0,0.424
15.068,-53.424,-95.818,0,-84.6,54.589,1,0,0.423
15.089,-48.296,-99.47,0,-84.6,50.533,1,0,0.422
15.089,-44.199,-102.387,0,-84.6,47.644,1,0,0.421
15.111,-39.825,-105.501,0,-84.6,44.977,1,0,0.42
15.132,-35.287,-108.733,0,-84.6,42.75,1,0,0.419
15.153,-30.766,-111.952,0,-84.6,41.167,1,0,0.418
15.175,-25.804,-115.486,0,-84.6,40.246,1,0,0.417
15.196,-21.705,-118.405,0,-84.6,40.173,1,0,0.416
15.217,-17.138,-121.656,0,-84.6,40.828,1,0,0.416
15.239,-12.668,-124.84,0,-84.6,42.187,1,0,0.415
15.281,-8.188,-128.03,0,-84.6,44.195,1,0,0.414
15.303,-3.393,-131.444,0,-84.6,46.967,1,0,0.413
15.324,0.95,-134.537,0,-84.6,49.946,1,0,0.412
15.345,5.413,-137.715,0,-84.6,53.39,1,0,0.411
15.367,9.945,-140.942,0,-84.6,57.213,1,0,0.41
15.388,14.599,-144.255,0,-84.6,61.416,1,0,0.409
15.409,19.1,-147.461,0,-84.6,65.699,1,0,0.408
15.431,23.6,-150.665,0,-84.6,70.154,1,0,0.408
15.452,28.159,-153.911,0,-84.6,74.813,1,0,0.407
15.473,33.268,-157.55,0,-84.6,80.177,1,0,0.406
15.495,37.16,-160.321,0,-84.6,84.347,1,0,0.405
15.537,42.038,-163.794,0,-84.6,89.66,1,0,0.404
15.559,46.628,-167.063,0,-84.6,94.732,1,0,0.403
15.58,50.79,-170.027,0,-84.6,99.385,1,0,0.402
15.58,55.203,-173.169,0,-84.6,104.363,1,0,0.401
15.601,60.051,-176.621,0,-84.6,109.882,1,0,0.4
15.623,64.65,-179.896,0,-84.6,115.156,1,0,0.4
15.644,68.927,-182.941,0,-84.6,120.092,1,0,0.399
15.665,73.439,-186.154,0,-84.6,125.325,1,0,0.398
15.687,78.117,-189.485,0,-84.6,130.779,1,0,0.397
15.708,82.495,-192.603,0,-84.6,135.904,1,0,0.396
15.729,87.024,-195.828,0,-84.6,141.226,1,0,0.395
15.772,91.99,-199.364,0,-84.6,147.081,1,0,0.394
15.793,96.312,-202.442,0,-84.6,152.193,1,0,0.393
15.815,100.742,-205.596,0,-84.6,157.445,1,0,0.392
15.836,105.25,-208.806,0,-84.6,162.802,1,0,0.392
15.857,109.553,-211.87,0,-84.6,167.927,1,0,0.391
15.879,114.401,-215.322,0,-84.6,173.712,1,0,0.39
15.9,118.634,-218.337,0,-84.6,178.773,1,0,0.389
15.921,123.191,-221.581,0,-84.6,184.228,1,0,0.388
15.943,128.021,-225.021,0,-84.6,190.02,1,0,0.387
15.964,132.374,-228.121,0,-84.6,195.246,1,0,0.386
15.985,136.628,-231.15,0,-84.6,200.36,1,0,0.385
16.007,141.174,-234.387,0,-84.6,205.83,1,0,0.384
16.028,145.843,-237.712,0,-84.6,211.455,1,0,0.384
16.049,150.592,-241.093,0,-84.6,217.182,1,0,0.383
16.071,154.929,-244.181,0,-84.6,222.416,1,0,0.382
16.092,159.327,-247.313,0,-84.6,227.729,1,0,0.381
16.135,163.834,-250.522,0,-84.6,233.178,1,0,0.38
16.135,168.37,-253.752,0,-84.6,238.665,1,0,0.379
16.177,173.006,-257.053,0,-84.6,244.277,1,0,0.378
16.199,177.493,-260.248,0,-84.6,249.712,1,0,0.377
16.22,181.934,-263.411,0,-84.6,255.094,1,0,0.376
16.22,186.464,-266.637,0,-84.6,260.588,1,0,0.376
16.241,190.946,-269.828,0,-84.6,266.026,1,0,0.375
16.263,195.872,-273.336,0,-84.6,272.006,1,0,0.374
16.284,200.195,-276.414,0,-84.6,277.255,1,0,0.373
16.305,204.6,-279.551,0,-84.6,282.608,1,0,0.372
16.348,209.329,-282.918,0,-84.6,288.355,1,0,0.371
16.369,213.726,-286.049,0,-84.6,293.701,1,0,0.37
16.391,218.216,-289.247,0,-84.6,299.163,1,0,0.369
16.412,222.692,-292.434,0,-84.6,304.609,1,0,0.368
16.433,227.223,-295.66,0,-84.6,310.123,1,0,0.368
16.455,231.731,-298.87,0,-84.6,315.612,1,0,0.367
16.476,236.243,-302.083,0,-84.6,321.107,1,0,0.366
16.497,241.26,-305.655,0,-84.6,327.218,1,0,0.365
16.519,245.334,-308.556,0,-84.6,332.183,1,0,0.364
16.54,249.917,-311.82,0,-84.6,337.769,1,0,0.363
16.54,254.427,-315.031,0,-84.6,343.266,1,0,0.362
16.604,258.986,-318.278,0,-84.6,348.826,1,0,0.361
16.625,263.49,-321.485,0,-84.6,354.319,1,0,0.36
16.647,268.013,-324.705,0,-84.6,359.835,1,0,0.36
16.668,272.468,-327.878,0,-84.6,365.271,1,0,0.359
16.689,277.429,-331.411,0,-84.6,371.326,1,0,0.358
16.689,281.606,-334.385,0,-84.6,376.423,1,0,0.357
16.711,286.067,-337.562,0,-84.6,381.869,1,0,0.356
16.732,290.81,-340.939,0,-84.6,387.66,1,0,0.355
16.753,295.144,-344.025,0,-84.6,392.952,1,0,0.354
16.775,299.645,-347.23,0,-84.6,398.449,1,0,0.353
16.796,304.212,-349.518,0,-84.6,403.394,1,0,0.352
16.817,308.149,-345.64,0,-84.6,403.854,1,0,0.352
16.839,312.016,-341.831,0,-84.6,404.378,1,0,0.351
16.881,315.99,-337.917,0,-84.6,404.993,1,0,0.35
16.903,319.988,-333.979,0,-84.6,405.687,1,0,0.349
16.924,323.935,-330.091,0,-84.6,406.448,1,0,0.348
16.945,328.234,-325.857,0,-84.6,407.36,1,0,0.347
16.967,331.92,-322.226,0,-84.6,408.212,1,0,0.346
16.988,336.009,-318.198,0,-84.6,409.231,1,0,0.345
17.009,339.826,-314.438,0,-84.6,410.253,1,0,0.344
17.031,343.752,-310.571,0,-84.6,411.374,1,0,0.344
17.052,347.935,-306.451,0,-84.6,412.646,1,0,0.343
17.073,348.232,-302.675,0,-84.6,410.879,1,0,0.342
17.095,344.164,-299.205,0,-84.6,405.591,1,0,0.341
17.116,339.936,-295.597,0,-84.6,400.095,1,0,0.34
17.159,335.332,-291.668,0,-84.6,394.112,1,0,0.339
17.18,331.395,-288.309,0,-84.6,388.999,1,0,0.338
17.18,327.272,-284.79,0,-84.6,383.644,1,0,0.337
17.201,323.048,-281.186,0,-84.6,378.162,1,0,0.336
17.223,318.696,-277.473,0,-84.6,372.514,1,0,0.336
17.244,314.483,-273.878,0,-84.6,367.05,1,0,0.335
17.265,310.274,-270.286,0,-84.6,361.592,1,0,0.334
17.287,305.935,-266.584,0,-84.6,355.969,1,0,0.333
17.308,301.724,-262.991,0,-84.6,350.515,1,0,0.332
17.329,297.683,-259.543,0,-84.6,345.283,1,0,0.331
17.351,293.308,-255.81,0,-84.6,339.621,1,0,0.33
17.393,289.01,-252.142,0,-84.6,334.061,1,0,0.329
17.415,284.921,-248.653,0,-84.6,328.776,1,0,0.328
17.436,280.693,-245.046,0,-84.6,323.313,1,0,0.328
17.457,276.488,-241.458,0,-84.6,317.884,1,0,0.327
17.479,271.966,-237.599,0,-84.6,312.048,1,0,0.326
17.5,267.95,-234.172,0,-84.6,306.87,1,0,0.325
17.521,263.663,-230.514,0,-84.6,301.345,1,0,0.324
17.543,259.309,-226.799,0,-84.6,295.74,1,0,0.323
17.564,254.868,-223.009,0,-84.6,290.026,1,0,0.322
17.585,251.042,-219.745,0,-84.6,285.108,1,0,0.321
17.607,246.843,-216.161,0,-84.6,279.713,1,0,0.32
17.628,242.475,-212.435,0,-84.6,274.11,1,0,0.32
17.649,238.5,-209.043,0,-84.6,269.013,1,0,0.319
17.671,233.927,-205.141,0,-84.6,263.157,1,0,0.318
17.692,229.922,-201.723,0,-84.6,258.034,1,0,0.317
17.713,225.836,-198.237,0,-84.6,252.815,1,0,0.316
17.756,221.565,-194.593,0,-84.6,247.365,1,0,0.315
17.756,217.295,-190.949,0,-84.6,241.924,1,0,0.314
17.799,212.935,-187.229,0,-84.6,236.377,1,0,0.313
17.82,208.916,-183.799,0,-84.6,231.271,1,0,0.312
17.82,204.715,-180.215,0,-84.6,225.943,1,0,0.312
17.841,200.528,-176.642,0,-84.6,220.643,1,0,0.311
17.863,195.833,-172.636,0,-84.6,214.711,1,0,0.31
17.884,191.928,-169.304,0,-84.6,209.788,1,0,0.309
17.927,187.759,-165.747,0,-84.6,204.544,1,0,0.308
17.948,183.297,-161.939,0,-84.6,198.945,1,0,0.307
17.969,179.112,-158.368,0,-84.6,193.708,1,0,0.306
17.991,175.098,-154.943,0,-84.6,188.699,1,0,0.305
18.012,170.794,-151.27,0,-84.6,183.345,1,0,0.304
18.033,166.514,-147.618,0,-84.6,178.04,1,0,0.304
18.055,162.421,-144.126,0,-84.6,172.985,1,0,0.303
18.076,158.06,-140.405,0,-84.6,167.622,1,0,0.302
18.097,153.837,-136.802,0,-84.6,162.453,1,0,0.301
18.119,149.656,-133.234,0,-84.6,157.36,1,0,0.3
18.14,145.111,-129.355,0,-84.6,151.856,1,0,0.299
18.14,141.276,-126.083,0,-84.6,147.241,1,0,0.298
18.204,137.059,-122.485,0,-84.6,142.199,1,0,0.297
18.225,132.792,-118.844,0,-84.6,137.137,1,0,0.296
18.247,128.531,-115.208,0,-84.6,132.125,1,0,0.296
18.268,124.342,-111.634,0,-84.6,127.247,1,0,0.295
18.289,119.634,-107.617,0,-84.6,121.828,1,0,0.294
18.289,115.787,-104.334,0,-84.6,117.457,1,0,0.293
18.311,111.664,-100.815,0,-84.6,112.835,1,0,0.292
18.332,107.296,-97.088,0,-84.6,108.02,1,0,0.291
18.353,103.07,-93.482,0,-84.6,103.452,1,0,0.29
18.375,98.981,-89.994,0,-84.6,99.128,1,0,0.289
18.396,94.54,-86.204,0,-84.6,94.554,1,0,0.288
18.417,90.353,-82.631,0,-84.6,90.375,1,0,0.288
18.46,86.32,-79.19,0,-84.6,86.489,1,0,0.287
18.481,82.15,-75.632,0,-84.6,82.638,1,0,0.286
18.503,77.908,-72.013,0,-84.6,78.919,1,0,0.285
18.524,73.633,-68.365,0,-84.6,75.402,1,0,0.284
18.545,69.154,-64.542,0,-84.6,72.004,1,0,0.283
18.567,65.117,-61.098,0,-84.6,69.228,1,0,0.282
18.588,60.832,-57.442,0,-84.6,66.619,1,0,0.281
18.609,56.642,-53.866,0,-84.6,64.443,1,0,0.28
18.631,52.416,-50.26,0,-84.6,62.663,1,0,0.28
18.652,47.777,-46.302,0,-84.6,61.232,1,0,0.279
18.673,43.785,-42.896,0,-84.6,60.468,1,0,0.278
18.695,39.656,-39.373,0,-84.6,60.151,1,0,0.277
18.737,35.541,-35.861,0,-84.6,60.321,1,0,0.276
18.759,30.918,-31.917,0,-84.6,61.086,1,0,0.275
18.78,26.696,-28.314,0,-84.6,62.296,1,0,0.274
18.78,22.733,-24.933,0,-84.6,63.851,1,0,0.273
18.801,18.614,-21.417,0,-84.6,65.867,1,0,0.272
18.823,14.439,-17.855,0,-84.6,68.289,1,0,0.272
18.844,10.231,-14.265,0,-84.6,71.075,1,0,0.271
18.865,5.675,-10.377,0,-84.6,74.44,1,0,0.27
18.887,1.396,-6.726,0,-84.6,77.887,1,0,0.269
18.908,-2.469,-3.428,0,-84.6,81.21,1,0,0.268
18.929,-6.72,0.199,0,-84.6,85.065,1,0,0.267
18.951,-11.012,3.862,0,-84.6,89.145,1,0,0.266
18.993,-15.405,7.61,0,-84.6,93.489,1,0,0.265
19.015,-19.506,11.109,0,-84.6,97.677,1,0,0.264
19.036,-23.62,14.62,0,-84.6,101.993,1,0,0.264
19.057,-27.824,18.207,0,-84.6,106.505,1,0,0.263
19.079,-32.592,22.276,0,-84.6,111.735,1,0,0.262
19.1,-36.605,25.7,0,-84.6,116.215,1,0,0.261
19.121,-40.646,29.148,0,-84.6,120.792,1,0,0.26
19.143,-44.932,32.805,0,-84.6,125.709,1,0,0.259
19.164,-48.993,36.27,0,-84.6,130.422,1,0,0.258
19.185,-53.12,39.792,0,-84.6,135.259,1,0,0.257
19.207,-57.476,43.509,0,-84.6,140.412,1,0,0.256
19.249,-61.76,47.164,0,-84.6,145.52,1,0,0.256
19.249,-65.915,50.709,0,-84.6,150.51,1,0,0.255
19.271,-70.119,54.297,0,-84.6,155.593,1,0,0.254
19.292,-74.336,57.895,0,-84.6,160.719,1,0,0.253
19.313,-78.653,61.579,0,-84.6,165.996,1,0,0.252
19.335,-83.224,65.479,0,-84.6,171.61,1,0,0.251
19.356,-87.018,68.717,0,-84.6,176.29,1,0,0.25
19.399,-91.284,72.356,0,-84.6,181.571,1,0,0.249
19.399,-95.435,75.899,0,-84.6,186.729,1,0,0.248
19.42,-99.632,79.48,0,-84.6,191.96,1,0,0.248
19.441,-103.817,83.051,0,-84.6,197.192,1,0,0.247
19.463,-108.323,86.896,0,-84.6,202.841,1,0,0.246
19.484,-112.383,90.36,0,-84.6,207.945,1,0,0.245
19.527,-116.697,94.041,0,-84.6,213.379,1,0,0.244
19.548,-121.194,97.878,0,-84.6,219.058,1,0,0.243
19.569,-125.244,101.334,0,-84.6,224.181,1,0,0.242
19.591,-129.259,104.76,0,-84.6,229.271,1,0,0.241
19.612,-133.599,108.463,0,-84.6,234.781,1,0,0.24
19.633,-138.195,112.385,0,-84.6,240.627,1,0,0.239
19.655,-142.085,115.704,0,-84.6,245.581,1,0,0.239
19.676,-146.203,119.218,0,-84.6,250.833,1,0,0.238
19.697,-150.471,122.86,0,-84.6,256.284,1,0,0.237
19.719,-154.705,126.472,0,-84.6,261.696,1,0,0.236
19.74,-159.261,130.36,0,-84.6,267.529,1,0,0.235
19.761,-163.23,133.747,0,-84.6,272.616,1,0,0.234
19.804,-167.411,137.315,0,-84.6,277.979,1,0,0.233
19.825,-171.553,140.849,0,-84.6,283.297,1,0,0.232
19.847,-175.743,144.424,0,-84.6,288.682,1,0,0.232
19.868,-180.206,148.232,0,-84.6,294.424,1,0,0.231
19.889,-184.612,151.991,0,-84.6,300.095,1,0,0.23
19.889,-188.451,155.267,0,-84.6,305.041,1,0,0.229
19.911,-192.647,158.848,0,-84.6,310.451,1,0,0.228
19.932,-197.125,162.669,0,-84.6,316.229,1,0,0.227
19.953,-201.353,166.276,0,-84.6,321.686,1,0,0.226
19.975,-205.363,169.698,0,-84.6,326.867,1,0,0.225
19.996,-209.512,173.238,0,-84.6,332.228,1,0,0.224
20.039,-213.846,176.937,0,-84.6,337.834,1,0,0.224
20.06,-217.995,180.477,0,-84.6,343.201,1,0,0.223
20.081,-222.385,184.223,0,-84.6,348.885,1,0,0.222
20.103,-226.504,187.737,0,-84.6,354.22,1,0,0.221
20.124,-230.82,191.421,0,-84.6,359.813,1,0,0.22
20.145,-235.325,195.264,0,-84.6,365.652,1,0,0.219
20.167,-239.203,198.573,0,-84.6,370.682,1,0,0.218
20.188,-243.622,202.344,0,-84.6,376.415,1,0,0.217
20.209,-247.645,205.777,0,-84.6,381.637,1,0,0.216
20.231,-251.803,209.324,0,-84.6,387.035,1,0,0.216
20.252,-256.024,212.927,0,-84.6,392.518,1,0,0.215
20.273,-260.547,216.785,0,-84.6,398.394,1,0,0.214
20.316,-264.618,220.259,0,-84.6,403.685,1,0,0.213
20.337,-269.905,224.771,0,-84.6,410.559,1,0,0.212
20.359,-273.449,227.795,0,-84.6,415.169,1,0,0.211
20.38,-277.71,231.431,0,-84.6,420.712,1,0,0.21
20.38,-281.92,235.023,0,-84.6,426.19,1,0,0.209
20.401,-286.106,238.595,0,-84.6,431.639,1,0,0.208
20.423,-290.942,242.722,0,-84.6,437.934,1,0,0.208
